<fieldType class="solr.BinaryField" name="binary"/>

<fieldType class="solr.BoolField" name="boolean" sortMissingLast="true"/>

<fieldType class="solr.TrieDateField" name="date" precisionStep="0" positionIncrementGap="0"/>

<fieldType class="solr.TrieDoubleField" name="double" precisionStep="0" positionIncrementGap="0"/>
<fieldType class="solr.TrieFloatField" name="float" precisionStep="0" positionIncrementGap="0"/>
<fieldType class="solr.TrieIntField" name="int" precisionStep="0" positionIncrementGap="0"   docValues="true"/>
<fieldType class="solr.TrieLongField" name="long" precisionStep="0" positionIncrementGap="0" docValues="true"/>

<fieldType class="solr.StrField" name="string" stored="false" indexed="false" multiValued="false" docValues="true"/>
<fieldType class="solr.StrField" name="facet"  stored="false" indexed="true" multiValued="true" docValues="true"/>

<fieldType class="solr.TrieIntField" name="best_bets_rank" indexed="true" stored="true"
    precisionStep="0" positionIncrementGap="0" multiValued="false" docValues="true" sortMissingLast="true"/>

<fieldType class="solr.TrieDateField" name="single_date_stored" stored="false" indexed="false" multiValued="false" docValues="true"/>

<fieldType class="solr.StrField" name="ignored" stored="false" indexed="false" multiValued="true"/>

<fieldType name="location_rpt" class="solr.SpatialRecursivePrefixTreeFieldType"
     geo="true" distErrPct="0.025" maxDistErr="0.000009" distanceUnits="degrees" />

<fieldType name="point" class="solr.PointType" dimension="2" subFieldSuffix="_d"/>
